Date,Time,"Time Zone",Category,Item,Qty,"Gross Sales","Net Sales",Tax,"Unit Count","Transaction ID","Payment ID","Device Name","Event Type","Dining Option",SKU
2026-01-12,12:57:15,America/Los_Angeles,Teriyaki,"Salmon Teriyaki",2,33,33,3.37,2,E47130B0,DE2DA58B-5,"Front Counter iPad",Sale,Takeout,
2026-01-12,11:24:00,America/Los_Angeles,Bowls,"Chicken Bowl",1,11.5,11.5,1.17,1,A744AA25,700B8BCD-3,"Front Counter iPad",Sale,Takeout,
2026-01-12,19:23:15,America/Los_Angeles,Teriyaki,"Chicken Teriyaki",1,13.75,13.75,1.4,1,108CE1C3,E6CE6DFF-E,"Front Counter iPad",Sale,Dine-in,
2026-01-12,17:01:15,America/Los_Angeles,Teriyaki,"Chicken Teriyaki",1,13.75,13.75,1.4,1,236805AD,6399265D-2,"Front Counter iPad",Sale,Dine-in,
2026-01-12,19:52:00,America/Los_Angeles,Teriyaki,"Beef Teriyaki",2,31.5,31.5,3.21,2,C659C1AC,29934AE6-B,"Front Counter iPad",Sale,Takeout,
2026-01-12,13:07:00,America/Los_Angeles,Teriyaki,"Beef Teriyaki",1,15.75,15.75,1.61,1,037BA0E2,F5543BDC-9,"Front Counter iPad",Sale,Dine-in,
2026-01-12,14:21:30,America/Los_Angeles,Teriyaki,"Pork Teriyaki",1,14.75,14.75,1.5,1,0516339F,C198F252-B,"Front Counter iPad",Sale,Dine-in,
2026-01-12,10:59:30,America/Los_Angeles,Teriyaki,"Pork Teriyaki",1,14.75,14.75,1.5,1,ACFBA60E,5C6A9A32-7,"Front Counter iPad",Sale,Takeout,
2026-01-12,13:56:30,America/Los_Angeles,Sides,"Egg Roll",1,6,6,0.61,1,CF995B8E,D62ABC8F-E,"Front Counter iPad",Sale,Takeout,
2026-01-12,12:18:15,America/Los_Angeles,Teriyaki,"Beef Teriyaki",2,31.5,31.5,3.21,2,54BCA623,C917B95A-1,"Front Counter iPad",Sale,Takeout,
2026-01-12,20:11:15,America/Los_Angeles,Teriyaki,"Chicken Teriyaki",1,13.75,13.75,1.4,1,548F4BFC,BA2867E5-9,"Front Counter iPad",Sale,Dine-in,
2026-01-12,12:08:30,America/Los_Angeles,Sides,"Egg Roll",1,6,6,0.61,1,015EEF53,3615D31B-6,"Front Counter iPad",Sale,Dine-in,
2026-01-12,18:20:15,America/Los_Angeles,Teriyaki,"Chicken Teriyaki",2,27.5,27.5,2.8,2,EC567712,D6F4DD72-6,"Front Counter iPad",Sale,Dine-in,
2026-01-12,15:33:15,America/Los_Angeles,Teriyaki,"Beef Teriyaki",1,15.75,15.75,1.61,1,2C237D49,BB1D5005-1,"Front Counter iPad",Sale,Takeout,
2026-01-12,18:49:45,America/Los_Angeles,Bowls,"Chicken Bowl",1,11.5,11.5,1.17,1,4801310A,9AD121DD-3,"Front Counter iPad",Sale,Dine-in,
2026-01-12,15:11:00,America/Los_Angeles,Teriyaki,"Chicken Teriyaki",1,13.75,13.75,1.4,1,A00DD02B,7449D521-7,"Front Counter iPad",Sale,Takeout,
2026-01-12,17:16:45,America/Los_Angeles,Teriyaki,"Chicken Teriyaki",2,27.5,27.5,2.8,2,6410D4D3,8647DD39-E,"Front Counter iPad",Sale,Dine-in,
2026-01-12,14:21:00,America/Los_Angeles,Teriyaki,"Salmon Teriyaki",1,16.5,16.5,1.68,1,9E92D12A,905C0440-D,"Front Counter iPad",Sale,Takeout,
2026-01-12,13:27:00,America/Los_Angeles,Bowls,"Chicken Bowl",1,11.5,11.5,1.17,1,74B167EA,8CCEE6E0-E,"Front Counter iPad",Sale,Dine-in,
2026-01-12,20:27:30,America/Los_Angeles,Teriyaki,"Beef Teriyaki",1,15.75,15.75,1.61,1,80351AA9,05BC1C20-2,"Front Counter iPad",Sale,Takeout,
2026-01-12,19:09:15,America/Los_Angeles,Teriyaki,"Pork Teriyaki",2,29.5,29.5,3.01,2,FC8FCA61,5075E02F-B,"Front Counter iPad",Sale,Takeout,
2026-01-12,20:30:00,America/Los_Angeles,Teriyaki,"Beef Teriyaki",2,31.5,31.5,3.21,2,98D86F57,906E93C3-F,"Front Counter iPad",Sale,Dine-in,
2026-01-12,13:18:15,America/Los_Angeles,Teriyaki,"Pork Teriyaki",2,29.5,29.5,3.01,2,8A476998,C9FA4687-8,"Front Counter iPad",Sale,Takeout,
2026-01-12,11:32:00,America/Los_Angeles,Teriyaki,"Chicken Teriyaki",1,13.75,13.75,1.4,1,CC566628,ECB4B18E-2,"Front Counter iPad",Sale,Takeout,
2026-01-12,15:33:45,America/Los_Angeles,Teriyaki,"Chicken Teriyaki",1,13.75,13.75,1.4,1,F5772562,1A72CC8E-6,"Front Counter iPad",Sale,Takeout,
2026-01-12,18:19:45,America/Los_Angeles,Drinks,"Canned Soda",1,2.6,2.6,0.27,1,6CB42071,C8F23187-6,"Front Counter iPad",Sale,Dine-in,
2026-01-12,12:57:00,America/Los_Angeles,Teriyaki,"Beef Teriyaki",1,15.75,15.75,1.61,1,F62B8770,6A894EB3-6,"Front Counter iPad",Sale,Dine-in,
2026-01-12,17:01:00,America/Los_Angeles,Teriyaki,"Chicken Teriyaki",1,13.75,13.75,1.4,1,CB88BC51,9C64CE9F-A,"Front Counter iPad",Sale,Takeout,
2026-01-12,17:18:15,America/Los_Angeles,Teriyaki,"Chicken Teriyaki",1,13.75,13.75,1.4,1,1DA3E42C,24018E90-4,"Front Counter iPad",Sale,Dine-in,
2026-01-12,14:26:45,America/Los_Angeles,Bowls,"Chicken Bowl",2,23,23,2.35,2,2475B822,C663B87D-0,"Front Counter iPad",Sale,Takeout,
2026-01-12,12:24:45,America/Los_Angeles,Sides,Gyoza,1,4.5,4.5,0.46,1,8043DCB4,131BE037-5,"Front Counter iPad",Sale,Dine-in,
2026-01-12,17:25:00,America/Los_Angeles,Teriyaki,"Beef Teriyaki",1,15.75,15.75,1.61,1,F1B0E19C,CED7F01C-8,"Front Counter iPad",Sale,Dine-in,
2026-01-12,12:49:15,America/Los_Angeles,Bowls,"Chicken Bowl",1,11.5,11.5,1.17,1,A9670E45,1FBE79F0-6,"Front Counter iPad",Sale,Dine-in,
2026-01-12,16:51:00,America/Los_Angeles,Teriyaki,"Chicken Teriyaki",2,27.5,27.5,2.8,2,A8292996,EC07EFA7-B,"Front Counter iPad",Sale,Dine-in,
2026-01-12,11:53:00,America/Los_Angeles,Sides,Gyoza,1,4.5,4.5,0.46,1,17F7980B,8323F52B-6,"Front Counter iPad",Sale,Takeout,
2026-01-12,14:04:45,America/Los_Angeles,Drinks,"Canned Soda",1,2.6,2.6,0.27,1,ECEBFFA7,F1E5B172-C,"Front Counter iPad",Sale,Takeout,
2026-01-12,12:00:45,America/Los_Angeles,Sides,"Egg Roll",1,6,6,0.61,1,6045A8BC,AF9B3615-1,"Front Counter iPad",Sale,Dine-in,
2026-01-12,14:22:45,America/Los_Angeles,Drinks,"Canned Soda",1,2.6,2.6,0.27,1,52E77C36,C8669381-5,"Front Counter iPad",Sale,Takeout,
2026-01-12,11:39:00,America/Los_Angeles,Teriyaki,"Chicken Teriyaki",2,27.5,27.5,2.8,2,DC07C85E,5076DB85-0,"Front Counter iPad",Sale,Dine-in,
2026-01-12,16:49:15,America/Los_Angeles,Teriyaki,"Chicken Teriyaki",1,13.75,13.75,1.4,1,3DB99DB3,9BBDE28C-D,"Front Counter iPad",Sale,Takeout,
2026-01-12,12:17:15,America/Los_Angeles,Drinks,"Canned Soda",2,5.2,5.2,0.53,2,79E95E4C,FB30256F-B,"Front Counter iPad",Sale,Dine-in,
2026-01-12,12:10:00,America/Los_Angeles,Teriyaki,"Chicken Teriyaki",1,13.75,13.75,1.4,1,25A4FECA,7F235287-F,"Front Counter iPad",Sale,Dine-in,
2026-01-13,13:06:15,America/Los_Angeles,Teriyaki,"Salmon Teriyaki",1,16.5,16.5,1.68,1,98459762,EAD044B1-F,"Front Counter iPad",Sale,Dine-in,
2026-01-13,18:16:45,America/Los_Angeles,Teriyaki,"Chicken Teriyaki",1,13.75,13.75,1.4,1,6A1D7413,7BA946E9-1,"Front Counter iPad",Sale,Dine-in,
2026-01-13,11:49:00,America/Los_Angeles,Drinks,"Canned Soda",1,2.6,2.6,0.27,1,8047B9CC,CDABB732-5,"Front Counter iPad",Sale,Takeout,
2026-01-13,13:29:00,America/Los_Angeles,Teriyaki,"Pork Teriyaki",1,14.75,14.75,1.5,1,FA6A0C72,6FAA1185-D,"Front Counter iPad",Sale,Takeout,
2026-01-13,18:17:00,America/Los_Angeles,Teriyaki,"Beef Teriyaki",2,31.5,31.5,3.21,2,8185ED37,B70E060C-9,"Front Counter iPad",Sale,Dine-in,
2026-01-13,18:07:00,America/Los_Angeles,Drinks,"Canned Soda",2,5.2,5.2,0.53,2,54B5F8B0,2A978AEF-4,"Front Counter iPad",Sale,Takeout,
2026-01-13,12:53:30,America/Los_Angeles,Bowls,"Chicken Bowl",2,23,23,2.35,2,0E43B59E,806D4F3C-D,"Front Counter iPad",Sale,Takeout,
2026-01-13,15:32:00,America/Los_Angeles,Bowls,"Chicken Bowl",1,11.5,11.5,1.17,1,4F0D0B4E,DC2AD5E6-4,"Front Counter iPad",Sale,Takeout,
2026-01-13,11:12:15,America/Los_Angeles,Teriyaki,"Salmon Teriyaki",1,16.5,16.5,1.68,1,ED681D10,EDD6CD34-C,"Front Counter iPad",Sale,Dine-in,
2026-01-13,19:23:00,America/Los_Angeles,Teriyaki,"Chicken Teriyaki",1,13.75,13.75,1.4,1,C5A1486F,32287B40-B,"Front Counter iPad",Sale,Takeout,
2026-01-13,19:19:00,America/Los_Angeles,Teriyaki,"Chicken Teriyaki",1,13.75,13.75,1.4,1,0544C9EA,1D7E2AC2-1,"Front Counter iPad",Sale,Dine-in,
2026-01-13,13:18:30,America/Los_Angeles,Teriyaki,"Salmon Teriyaki",2,33,33,3.37,2,0AE76115,BFFB0AB4-E,"Front Counter iPad",Sale,Takeout,
2026-01-13,12:26:30,America/Los_Angeles,Sides,Salad,2,8,8,0.82,2,F4B0C101,ECEC8BBB-5,"Front Counter iPad",Sale,Dine-in,
2026-01-13,18:00:15,America/Los_Angeles,Drinks,"Bottled Water",1,1.2,1.2,0.12,1,4C9D5C39,FC34E30E-F,"Front Counter iPad",Sale,Takeout,
2026-01-13,18:25:45,America/Los_Angeles,Sides,"Egg Roll",2,12,12,1.22,2,AA5718AD,89AC6FB8-1,"Front Counter iPad",Sale,Takeout,
2026-01-13,12:09:45,America/Los_Angeles,Teriyaki,"Chicken Teriyaki",1,13.75,13.75,1.4,1,90B5D23B,A8E061E6-C,"Front Counter iPad",Sale,Takeout,
2026-01-13,12:58:15,America/Los_Angeles,Teriyaki,"Chicken Teriyaki",1,13.75,13.75,1.4,1,F5B6EBD8,87F47C12-E,"Front Counter iPad",Sale,Takeout,
2026-01-13,12:17:30,America/Los_Angeles,Bowls,"Chicken Bowl",1,11.5,11.5,1.17,1,CE68D2CC,356E53FA-C,"Front Counter iPad",Sale,Dine-in,
2026-01-13,20:05:30,America/Los_Angeles,Teriyaki,"Salmon Teriyaki",1,16.5,16.5,1.68,1,18CFD2DE,B3663CA6-2,"Front Counter iPad",Sale,Takeout,
2026-01-13,13:07:00,America/Los_Angeles,Teriyaki,"Chicken Teriyaki",1,13.75,13.75,1.4,1,172CDA43,61E8D999-1,"Front Counter iPad",Sale,Takeout,
2026-01-13,18:51:00,America/Los_Angeles,Teriyaki,"Salmon Teriyaki",1,16.5,16.5,1.68,1,AEB1FFF8,B707DE3B-4,"Front Counter iPad",Sale,Dine-in,
2026-01-13,11:25:00,America/Los_Angeles,Sides,Salad,2,8,8,0.82,2,38CE5390,85D5051A-C,"Front Counter iPad",Sale,Takeout,
2026-01-13,18:24:30,America/Los_Angeles,Teriyaki,"Beef Teriyaki",2,31.5,31.5,3.21,2,CF25DFC3,04588811-5,"Front Counter iPad",Sale,Takeout,
2026-01-13,13:44:30,America/Los_Angeles,Bowls,"Chicken Bowl",1,11.5,11.5,1.17,1,DA174BD5,46BCDB76-F,"Front Counter iPad",Sale,Dine-in,
2026-01-13,13:37:15,America/Los_Angeles,Bowls,"Chicken Bowl",1,11.5,11.5,1.17,1,CA3F9C5A,BDA0C042-B,"Front Counter iPad",Sale,Dine-in,
2026-01-13,12:53:45,America/Los_Angeles,Teriyaki,"Beef Teriyaki",1,15.75,15.75,1.61,1,92E8D798,98EBEED1-3,"Front Counter iPad",Sale,Dine-in,
2026-01-13,14:01:15,America/Los_Angeles,Teriyaki,"Beef Teriyaki",1,15.75,15.75,1.61,1,643FCAF3,EE4ACC52-1,"Front Counter iPad",Sale,Takeout,
2026-01-13,17:23:15,America/Los_Angeles,Teriyaki,"Chicken Teriyaki",1,13.75,13.75,1.4,1,22E94C56,FB084108-8,"Front Counter iPad",Sale,Dine-in,
2026-01-13,11:01:45,America/Los_Angeles,Teriyaki,"Chicken Teriyaki",2,27.5,27.5,2.8,2,278174B5,7980D18B-5,"Front Counter iPad",Sale,Takeout,
2026-01-13,18:38:45,America/Los_Angeles,Teriyaki,"Beef Teriyaki",1,15.75,15.75,1.61,1,5B091099,0F1943C3-F,"Front Counter iPad",Sale,Dine-in,
2026-01-13,10:43:45,America/Los_Angeles,Teriyaki,"Chicken Teriyaki",1,13.75,13.75,1.4,1,D7BC5DA3,38ECFFA8-9,"Front Counter iPad",Sale,Takeout,
2026-01-13,15:06:15,America/Los_Angeles,Teriyaki,"Chicken Teriyaki",1,13.75,13.75,1.4,1,0DF82EA4,28C3BFB7-E,"Front Counter iPad",Sale,Takeout,
2026-01-13,19:23:30,America/Los_Angeles,Teriyaki,"Beef Teriyaki",1,15.75,15.75,1.61,1,F84FAC12,126FFF73-F,"Front Counter iPad",Sale,Dine-in,
2026-01-13,16:46:45,America/Los_Angeles,Teriyaki,"Salmon Teriyaki",1,16.5,16.5,1.68,1,FDD3D0C5,7F66F489-5,"Front Counter iPad",Sale,Takeout,
2026-01-13,13:03:30,America/Los_Angeles,Bowls,"Chicken Bowl",1,11.5,11.5,1.17,1,C9AE686D,3DFE4C11-6,"Front Counter iPad",Sale,Dine-in,
2026-01-13,11:06:15,America/Los_Angeles,Teriyaki,"Salmon Teriyaki",1,16.5,16.5,1.68,1,1B92B07D,2B718D00-0,"Front Counter iPad",Sale,Dine-in,
2026-01-13,10:49:15,America/Los_Angeles,Teriyaki,"Chicken Teriyaki",1,13.75,13.75,1.4,1,345398E2,81AE8775-0,"Front Counter iPad",Sale,Dine-in,
2026-01-13,11:22:30,America/Los_Angeles,Bowls,"Chicken Bowl",1,11.5,11.5,1.17,1,67AD98D8,26DA787C-7,"Front Counter iPad",Sale,Dine-in,
2026-01-13,16:55:00,America/Los_Angeles,Teriyaki,"Beef Teriyaki",2,31.5,31.5,3.21,2,EA51C8D5,9D6A293D-8,"Front Counter iPad",Sale,Dine-in,
2026-01-13,13:39:45,America/Los_Angeles,Teriyaki,"Beef Teriyaki",1,15.75,15.75,1.61,1,10832942,0DFAE53B-A,"Front Counter iPad",Sale,Takeout,
2026-01-13,15:49:30,America/Los_Angeles,Teriyaki,"Pork Teriyaki",1,14.75,14.75,1.5,1,CE8956EE,8FB58484-0,"Front Counter iPad",Sale,Dine-in,
2026-01-13,19:16:00,America/Los_Angeles,Bowls,"Chicken Bowl",1,11.5,11.5,1.17,1,50267F37,46C638EC-6,"Front Counter iPad",Sale,Dine-in,
2026-01-13,11:24:15,America/Los_Angeles,Teriyaki,"Salmon Teriyaki",1,16.5,16.5,1.68,1,AC05E651,E903BD0A-4,"Front Counter iPad",Sale,Dine-in,
2026-01-13,13:56:30,America/Los_Angeles,Teriyaki,"Chicken Teriyaki",1,13.75,13.75,1.4,1,CF78FD8B,E7166B0E-F,"Front Counter iPad",Sale,Dine-in,
2026-01-14,18:47:30,America/Los_Angeles,Sides,Gyoza,1,4.5,4.5,0.46,1,2CF9C8F4,2601C2AB-F,"Front Counter iPad",Sale,Takeout,
2026-01-14,11:14:15,America/Los_Angeles,Teriyaki,"Beef Teriyaki",1,15.75,15.75,1.61,1,CEB3ED39,D40C0627-D,"Front Counter iPad",Sale,Takeout,
2026-01-14,18:03:15,America/Los_Angeles,Sides,Gyoza,1,4.5,4.5,0.46,1,64E725D1,965BF185-9,"Front Counter iPad",Sale,Takeout,
2026-01-14,15:14:15,America/Los_Angeles,Teriyaki,"Salmon Teriyaki",1,16.5,16.5,1.68,1,D46B2132,DE27B71E-A,"Front Counter iPad",Sale,Dine-in,
2026-01-14,12:29:15,America/Los_Angeles,Bowls,"Chicken Bowl",1,11.5,11.5,1.17,1,7C4F195D,F2B86692-B,"Front Counter iPad",Sale,Dine-in,
2026-01-14,13:36:45,America/Los_Angeles,Teriyaki,"Chicken Teriyaki",2,27.5,27.5,2.8,2,75A1F6F3,7934A264-B,"Front Counter iPad",Sale,Takeout,
2026-01-14,17:26:30,America/Los_Angeles,Teriyaki,"Chicken Teriyaki",1,13.75,13.75,1.4,1,FFD59E3F,6F3DB756-8,"Front Counter iPad",Sale,Takeout,
2026-01-14,11:38:45,America/Los_Angeles,Sides,Gyoza,1,4.5,4.5,0.46,1,EF0E724C,596F7B87-0,"Front Counter iPad",Sale,Dine-in,
2026-01-14,11:23:45,America/Los_Angeles,Teriyaki,"Chicken Teriyaki",1,13.75,13.75,1.4,1,B7312C6E,00989498-0,"Front Counter iPad",Sale,Takeout,
2026-01-14,18:57:15,America/Los_Angeles,Teriyaki,"Beef Teriyaki",1,15.75,15.75,1.61,1,B2C8FD10,4FE1D2E8-D,"Front Counter iPad",Sale,Dine-in,
2026-01-14,19:17:45,America/Los_Angeles,Teriyaki,"Chicken Teriyaki",1,13.75,13.75,1.4,1,ED47FD53,488C90F5-7,"Front Counter iPad",Sale,Dine-in,
2026-01-14,13:02:00,America/Los_Angeles,Teriyaki,"Beef Teriyaki",1,15.75,15.75,1.61,1,1C9FB9BA,9F2A87FD-C,"Front Counter iPad",Sale,Dine-in,
2026-01-14,16:18:45,America/Los_Angeles,Sides,"Egg Roll",1,6,6,0.61,1,803BF838,D4FBDBAA-8,"Front Counter iPad",Sale,Dine-in,
2026-01-14,12:54:30,America/Los_Angeles,Teriyaki,"Chicken Teriyaki",1,13.75,13.75,1.4,1,D3B07B75,168C9B0F-F,"Front Counter iPad",Sale,Dine-in,
2026-01-14,18:10:00,America/Los_Angeles,Teriyaki,"Beef Teriyaki",1,15.75,15.75,1.61,1,5E95F438,08B50053-E,"Front Counter iPad",Sale,Takeout,
2026-01-14,16:37:15,America/Los_Angeles,Teriyaki,"Chicken Teriyaki",1,13.75,13.75,1.4,1,48D3200B,81D48949-7,"Front Counter iPad",Sale,Dine-in,
2026-01-14,17:23:30,America/Los_Angeles,Teriyaki,"Salmon Teriyaki",1,16.5,16.5,1.68,1,2982CF01,F5631F10-1,"Front Counter iPad",Sale,Takeout,
2026-01-14,18:34:45,America/Los_Angeles,Teriyaki,"Beef Teriyaki",1,15.75,15.75,1.61,1,A8F33724,F99B0F9D-8,"Front Counter iPad",Sale,Dine-in,
2026-01-14,13:56:30,America/Los_Angeles,Teriyaki,"Beef Teriyaki",1,15.75,15.75,1.61,1,E070991B,6A102770-C,"Front Counter iPad",Sale,Dine-in,
2026-01-14,12:30:15,America/Los_Angeles,Teriyaki,"Chicken Teriyaki",2,27.5,27.5,2.8,2,8752AFA8,F55A7A25-3,"Front Counter iPad",Sale,Takeout,
2026-01-14,19:14:30,America/Los_Angeles,Teriyaki,"Chicken Teriyaki",1,13.75,13.75,1.4,1,CB9AA75D,9CF21DF4-A,"Front Counter iPad",Sale,Takeout,
2026-01-14,13:17:00,America/Los_Angeles,Sides,Gyoza,1,4.5,4.5,0.46,1,1363671E,909FEB5B-0,"Front Counter iPad",Sale,Takeout,
2026-01-14,17:32:45,America/Los_Angeles,Teriyaki,"Chicken Teriyaki",1,13.75,13.75,1.4,1,60142295,B7A36122-7,"Front Counter iPad",Sale,Takeout,
2026-01-14,15:56:30,America/Los_Angeles,Sides,"Egg Roll",1,6,6,0.61,1,BB6662CD,5EC6242F-9,"Front Counter iPad",Sale,Takeout,
2026-01-14,17:29:00,America/Los_Angeles,Drinks,"Canned Soda",1,2.6,2.6,0.27,1,9726DE95,5CD9A050-3,"Front Counter iPad",Sale,Dine-in,
2026-01-14,17:38:15,America/Los_Angeles,Teriyaki,"Pork Teriyaki",1,14.75,14.75,1.5,1,4421C5A2,30CE109E-1,"Front Counter iPad",Sale,Dine-in,
2026-01-14,18:46:15,America/Los_Angeles,Teriyaki,"Chicken Teriyaki",1,13.75,13.75,1.4,1,894D5D78,3B68405E-6,"Front Counter iPad",Sale,Dine-in,
2026-01-14,18:49:30,America/Los_Angeles,Teriyaki,"Beef Teriyaki",1,15.75,15.75,1.61,1,3BE81873,6A31D8AE-F,"Front Counter iPad",Sale,Takeout,
2026-01-14,17:53:15,America/Los_Angeles,Teriyaki,"Salmon Teriyaki",1,16.5,16.5,1.68,1,B76A4104,36AAC892-7,"Front Counter iPad",Sale,Dine-in,
2026-01-14,12:19:15,America/Los_Angeles,Bowls,"Chicken Bowl",2,23,23,2.35,2,15B7A722,FC4B795D-5,"Front Counter iPad",Sale,Takeout,
2026-01-14,15:04:15,America/Los_Angeles,Teriyaki,"Beef Teriyaki",1,15.75,15.75,1.61,1,4B2A83E3,425CFD4E-2,"Front Counter iPad",Sale,Dine-in,
2026-01-14,16:27:15,America/Los_Angeles,Bowls,"Chicken Bowl",1,11.5,11.5,1.17,1,06091FED,B4222DD2-C,"Front Counter iPad",Sale,Dine-in,
2026-01-14,17:50:45,America/Los_Angeles,Sides,Gyoza,1,4.5,4.5,0.46,1,8B914C99,6F68D06A-F,"Front Counter iPad",Sale,Takeout,
2026-01-14,17:36:00,America/Los_Angeles,Teriyaki,"Pork Teriyaki",1,14.75,14.75,1.5,1,4D0946D1,7517B8AB-8,"Front Counter iPad",Sale,Takeout,
2026-01-14,19:25:30,America/Los_Angeles,Teriyaki,"Chicken Teriyaki",1,13.75,13.75,1.4,1,C3C7A36A,EB059A23-C,"Front Counter iPad",Sale,Dine-in,
2026-01-14,18:09:45,America/Los_Angeles,Teriyaki,"Chicken Teriyaki",1,13.75,13.75,1.4,1,5DCD2D35,CBE9C616-D,"Front Counter iPad",Sale,Dine-in,
2026-01-14,15:41:30,America/Los_Angeles,Teriyaki,"Chicken Teriyaki",2,27.5,27.5,2.8,2,B05E9F71,971D61BB-A,"Front Counter iPad",Sale,Takeout,
2026-01-14,19:27:00,America/Los_Angeles,Teriyaki,"Chicken Teriyaki",1,13.75,13.75,1.4,1,37CD7197,65D86CA5-7,"Front Counter iPad",Sale,Dine-in,
2026-01-14,14:12:45,America/Los_Angeles,Teriyaki,"Pork Teriyaki",1,14.75,14.75,1.5,1,2CE9E8B0,601586F9-C,"Front Counter iPad",Sale,Dine-in,
2026-01-14,19:05:00,America/Los_Angeles,Teriyaki,"Chicken Teriyaki",1,13.75,13.75,1.4,1,40E1B1CF,5E1A0803-5,"Front Counter iPad",Sale,Dine-in,
2026-01-14,17:41:30,America/Los_Angeles,Teriyaki,"Beef Teriyaki",1,15.75,15.75,1.61,1,31948FCF,E7064DDD-D,"Front Counter iPad",Sale,Dine-in,
2026-01-14,19:20:00,America/Los_Angeles,Bowls,"Chicken Bowl",1,11.5,11.5,1.17,1,887BF973,ACA4CCA2-8,"Front Counter iPad",Sale,Dine-in,
2026-01-14,13:43:00,America/Los_Angeles,Teriyaki,"Chicken Teriyaki",1,13.75,13.75,1.4,1,D84DA0E0,8416421B-5,"Front Counter iPad",Sale,Dine-in,
2026-01-14,14:07:45,America/Los_Angeles,Teriyaki,"Beef Teriyaki",2,31.5,31.5,3.21,2,2DB66894,B72A61C9-B,"Front Counter iPad",Sale,Takeout,
2026-01-14,18:52:45,America/Los_Angeles,Teriyaki,"Chicken Teriyaki",1,13.75,13.75,1.4,1,B5136472,E1B42761-D,"Front Counter iPad",Sale,Takeout,
2026-01-14,17:40:30,America/Los_Angeles,Teriyaki,"Chicken Teriyaki",1,13.75,13.75,1.4,1,595572D6,8B83F8EA-4,"Front Counter iPad",Sale,Takeout,
2026-01-14,20:29:00,America/Los_Angeles,Teriyaki,"Pork Teriyaki",2,29.5,29.5,3.01,2,F042391D,E3CCDD31-9,"Front Counter iPad",Sale,Dine-in,
2026-01-14,13:14:30,America/Los_Angeles,Drinks,"Canned Soda",1,2.6,2.6,0.27,1,1313EB81,84219FBB-9,"Front Counter iPad",Sale,Dine-in,
2026-01-15,14:21:15,America/Los_Angeles,Sides,Gyoza,1,4.5,4.5,0.46,1,A47E8D03,5D0E2DE4-8,"Front Counter iPad",Sale,Dine-in,
2026-01-15,17:34:00,America/Los_Angeles,Teriyaki,"Chicken Teriyaki",1,13.75,13.75,1.4,1,8D57143A,A3EBAE8A-2,"Front Counter iPad",Sale,Dine-in,
2026-01-15,14:09:30,America/Los_Angeles,Sides,Gyoza,1,4.5,4.5,0.46,1,AAF5D983,43FAD645-B,"Front Counter iPad",Sale,Takeout,
2026-01-15,19:05:15,America/Los_Angeles,Teriyaki,"Chicken Teriyaki",1,13.75,13.75,1.4,1,90837473,9A97B586-8,"Front Counter iPad",Sale,Dine-in,
2026-01-15,19:19:45,America/Los_Angeles,Teriyaki,"Pork Teriyaki",1,14.75,14.75,1.5,1,6D78DB5B,413F04FA-7,"Front Counter iPad",Sale,Dine-in,
2026-01-15,19:46:45,America/Los_Angeles,Drinks,"Canned Soda",1,2.6,2.6,0.27,1,84F3053C,7EBD6EDA-5,"Front Counter iPad",Sale,Takeout,
2026-01-15,14:01:45,America/Los_Angeles,Sides,"Egg Roll",1,6,6,0.61,1,E1A46FB6,D12D95F5-5,"Front Counter iPad",Sale,Dine-in,
2026-01-15,17:38:45,America/Los_Angeles,Drinks,"Bottled Water",1,1.2,1.2,0.12,1,7E9A3B60,44D0EECD-7,"Front Counter iPad",Sale,Takeout,
2026-01-15,12:25:45,America/Los_Angeles,Teriyaki,"Chicken Teriyaki",1,13.75,13.75,1.4,1,B0DFD078,104075D7-1,"Front Counter iPad",Sale,Takeout,
2026-01-15,18:44:15,America/Los_Angeles,Teriyaki,"Pork Teriyaki",1,14.75,14.75,1.5,1,2890BE8D,3EDA0D6C-8,"Front Counter iPad",Sale,Takeout,
2026-01-15,13:41:00,America/Los_Angeles,Teriyaki,"Beef Teriyaki",1,15.75,15.75,1.61,1,69ED2F70,B3BF3894-C,"Front Counter iPad",Sale,Dine-in,
2026-01-15,13:21:45,America/Los_Angeles,Sides,"Egg Roll",1,6,6,0.61,1,97EA29B3,0E3651F8-F,"Front Counter iPad",Sale,Takeout,
2026-01-15,18:13:15,America/Los_Angeles,Teriyaki,"Salmon Teriyaki",1,16.5,16.5,1.68,1,E3E7E6C8,A46658A0-C,"Front Counter iPad",Sale,Takeout,
2026-01-15,17:25:45,America/Los_Angeles,Teriyaki,"Beef Teriyaki",2,31.5,31.5,3.21,2,EDB47AD3,F0451156-D,"Front Counter iPad",Sale,Takeout,
2026-01-15,10:37:30,America/Los_Angeles,Bowls,"Chicken Bowl",1,11.5,11.5,1.17,1,D198DA7E,8246B1B3-9,"Front Counter iPad",Sale,Dine-in,
2026-01-15,16:12:15,America/Los_Angeles,Teriyaki,"Beef Teriyaki",2,31.5,31.5,3.21,2,7B2F0309,DB8B4963-3,"Front Counter iPad",Sale,Takeout,
2026-01-15,13:01:45,America/Los_Angeles,Teriyaki,"Chicken Teriyaki",1,13.75,13.75,1.4,1,01861E70,DD467E3F-C,"Front Counter iPad",Sale,Takeout,
2026-01-15,16:25:00,America/Los_Angeles,Teriyaki,"Chicken Teriyaki",1,13.75,13.75,1.4,1,783FD028,39B71E04-1,"Front Counter iPad",Sale,Dine-in,
2026-01-15,13:53:30,America/Los_Angeles,Sides,Salad,1,4,4,0.41,1,C0EF6575,0030212C-7,"Front Counter iPad",Sale,Dine-in,
2026-01-15,13:17:15,America/Los_Angeles,Teriyaki,"Salmon Teriyaki",1,16.5,16.5,1.68,1,C1E2B65B,235EFB5B-4,"Front Counter iPad",Sale,Dine-in,
2026-01-15,13:31:30,America/Los_Angeles,Sides,"Egg Roll",2,12,12,1.22,2,67CA9FB2,6060EC7B-C,"Front Counter iPad",Sale,Dine-in,
2026-01-15,12:02:00,America/Los_Angeles,Teriyaki,"Chicken Teriyaki",1,13.75,13.75,1.4,1,FA5337DD,F4461758-9,"Front Counter iPad",Sale,Dine-in,
2026-01-15,17:58:30,America/Los_Angeles,Sides,Gyoza,1,4.5,4.5,0.46,1,E74C9764,7B753D12-E,"Front Counter iPad",Sale,Takeout,
2026-01-15,17:35:00,America/Los_Angeles,Teriyaki,"Salmon Teriyaki",1,16.5,16.5,1.68,1,4BCCFE1C,FA117AC1-A,"Front Counter iPad",Sale,Takeout,
2026-01-15,17:33:00,America/Los_Angeles,Teriyaki,"Chicken Teriyaki",1,13.75,13.75,1.4,1,DBE879E3,CAD7E1E0-4,"Front Counter iPad",Sale,Dine-in,
2026-01-15,14:18:30,America/Los_Angeles,Teriyaki,"Chicken Teriyaki",1,13.75,13.75,1.4,1,7F69D707,96DBC44D-7,"Front Counter iPad",Sale,Dine-in,
2026-01-15,19:03:30,America/Los_Angeles,Sides,Gyoza,1,4.5,4.5,0.46,1,C8B15996,062CDF93-5,"Front Counter iPad",Sale,Dine-in,
2026-01-15,10:58:45,America/Los_Angeles,Sides,Gyoza,1,4.5,4.5,0.46,1,B1EAECA1,C30391D6-4,"Front Counter iPad",Sale,Dine-in,
2026-01-15,12:31:45,America/Los_Angeles,Teriyaki,"Chicken Teriyaki",1,13.75,13.75,1.4,1,95F2A7C2,0BB0D5D9-D,"Front Counter iPad",Sale,Dine-in,
2026-01-15,18:35:00,America/Los_Angeles,Bowls,"Chicken Bowl",1,11.5,11.5,1.17,1,672BD82B,DDF359CE-8,"Front Counter iPad",Sale,Takeout,
2026-01-15,18:23:15,America/Los_Angeles,Teriyaki,"Beef Teriyaki",1,15.75,15.75,1.61,1,5CF15603,D9FDA98F-7,"Front Counter iPad",Sale,Takeout,
2026-01-15,18:44:00,America/Los_Angeles,Teriyaki,"Salmon Teriyaki",1,16.5,16.5,1.68,1,1A0A5268,8A391DD3-4,"Front Counter iPad",Sale,Takeout,
2026-01-15,19:38:00,America/Los_Angeles,Teriyaki,"Chicken Teriyaki",2,27.5,27.5,2.8,2,558009F5,270D032A-7,"Front Counter iPad",Sale,Takeout,
2026-01-15,16:25:45,America/Los_Angeles,Sides,"Egg Roll",2,12,12,1.22,2,CFF458CD,6AD30041-C,"Front Counter iPad",Sale,Takeout,
2026-01-15,18:44:30,America/Los_Angeles,Sides,"Egg Roll",1,6,6,0.61,1,6075832B,4F2C969C-2,"Front Counter iPad",Sale,Takeout,
2026-01-15,15:30:30,America/Los_Angeles,Bowls,"Chicken Bowl",2,23,23,2.35,2,8CD93D5A,F3B3FF43-9,"Front Counter iPad",Sale,Takeout,
2026-01-15,18:31:00,America/Los_Angeles,Drinks,"Bottled Water",1,1.2,1.2,0.12,1,3AC690F8,DBCD3953-3,"Front Counter iPad",Sale,Dine-in,
2026-01-15,18:56:00,America/Los_Angeles,Teriyaki,"Chicken Teriyaki",1,13.75,13.75,1.4,1,C7BF2EBA,D9ACAA8A-F,"Front Counter iPad",Sale,Takeout,
2026-01-15,11:12:15,America/Los_Angeles,Teriyaki,"Salmon Teriyaki",1,16.5,16.5,1.68,1,15A23629,BD9841AA-6,"Front Counter iPad",Sale,Takeout,
2026-01-15,19:21:15,America/Los_Angeles,Sides,Gyoza,2,9,9,0.92,2,93FC39BE,A0C55860-D,"Front Counter iPad",Sale,Takeout,
2026-01-15,17:00:30,America/Los_Angeles,Sides,Gyoza,1,4.5,4.5,0.46,1,36059708,A9D7C513-C,"Front Counter iPad",Sale,Takeout,
2026-01-15,17:28:00,America/Los_Angeles,Drinks,"Bottled Water",1,1.2,1.2,0.12,1,0550C422,377FB00C-1,"Front Counter iPad",Sale,Takeout,
2026-01-15,13:22:00,America/Los_Angeles,Teriyaki,"Chicken Teriyaki",1,13.75,13.75,1.4,1,793172B4,270EE278-3,"Front Counter iPad",Sale,Takeout,
2026-01-15,15:14:00,America/Los_Angeles,Teriyaki,"Chicken Teriyaki",2,27.5,27.5,2.8,2,4322B6D8,581790DC-0,"Front Counter iPad",Sale,Dine-in,
2026-01-15,18:55:15,America/Los_Angeles,Teriyaki,"Beef Teriyaki",1,15.75,15.75,1.61,1,72D6BDBD,D5B931BE-B,"Front Counter iPad",Sale,Takeout,
2026-01-15,18:17:45,America/Los_Angeles,Bowls,"Chicken Bowl",1,11.5,11.5,1.17,1,1CE44317,69B68C16-8,"Front Counter iPad",Sale,Takeout,
2026-01-16,16:27:00,America/Los_Angeles,Teriyaki,"Chicken Teriyaki",1,13.75,13.75,1.4,1,F00625A8,3700D729-A,"Front Counter iPad",Sale,Dine-in,
2026-01-16,18:22:15,America/Los_Angeles,Bowls,"Chicken Bowl",1,11.5,11.5,1.17,1,7C47D2AD,4EAB1298-A,"Front Counter iPad",Sale,Takeout,
2026-01-16,18:23:45,America/Los_Angeles,Teriyaki,"Chicken Teriyaki",1,13.75,13.75,1.4,1,3367F74E,F6A016F7-F,"Front Counter iPad",Sale,Dine-in,
2026-01-16,11:59:00,America/Los_Angeles,Teriyaki,"Beef Teriyaki",1,15.75,15.75,1.61,1,32846AAE,3B802AEF-F,"Front Counter iPad",Sale,Takeout,
2026-01-16,16:45:45,America/Los_Angeles,Teriyaki,"Beef Teriyaki",1,15.75,15.75,1.61,1,D2252A20,FB825490-F,"Front Counter iPad",Sale,Dine-in,
2026-01-16,16:25:30,America/Los_Angeles,Teriyaki,"Beef Teriyaki",2,31.5,31.5,3.21,2,9DBB9FEC,025F7772-9,"Front Counter iPad",Sale,Dine-in,
2026-01-16,15:11:00,America/Los_Angeles,Drinks,"Canned Soda",1,2.6,2.6,0.27,1,238D0E56,EF21D7B2-E,"Front Counter iPad",Sale,Takeout,
2026-01-16,12:33:00,America/Los_Angeles,Teriyaki,"Beef Teriyaki",1,15.75,15.75,1.61,1,6DA8E41D,CDAE7CEF-E,"Front Counter iPad",Sale,Dine-in,
2026-01-16,18:48:00,America/Los_Angeles,Bowls,"Chicken Bowl",1,11.5,11.5,1.17,1,0D205846,C0EAC564-5,"Front Counter iPad",Sale,Dine-in,
2026-01-16,17:54:15,America/Los_Angeles,Teriyaki,"Salmon Teriyaki",1,16.5,16.5,1.68,1,F8F8E84B,73C59017-C,"Front Counter iPad",Sale,Dine-in,
2026-01-16,18:34:00,America/Los_Angeles,Teriyaki,"Chicken Teriyaki",2,27.5,27.5,2.8,2,A10DFE85,A05379AD-6,"Front Counter iPad",Sale,Dine-in,
2026-01-16,19:22:00,America/Los_Angeles,Teriyaki,"Pork Teriyaki",1,14.75,14.75,1.5,1,080CF773,178ABA98-D,"Front Counter iPad",Sale,Dine-in,
2026-01-16,18:26:30,America/Los_Angeles,Teriyaki,"Chicken Teriyaki",1,13.75,13.75,1.4,1,DCC1C796,E944B14D-3,"Front Counter iPad",Sale,Takeout,
2026-01-16,17:17:15,America/Los_Angeles,Teriyaki,"Chicken Teriyaki",2,27.5,27.5,2.8,2,79DB397D,505DA6E7-2,"Front Counter iPad",Sale,Takeout,
2026-01-16,13:56:30,America/Los_Angeles,Teriyaki,"Chicken Teriyaki",1,13.75,13.75,1.4,1,E66E7488,3D6BEE8A-7,"Front Counter iPad",Sale,Takeout,
2026-01-16,19:25:00,America/Los_Angeles,Teriyaki,"Beef Teriyaki",1,15.75,15.75,1.61,1,37B7CDD4,7F8C4C45-1,"Front Counter iPad",Sale,Takeout,
2026-01-16,10:40:30,America/Los_Angeles,Teriyaki,"Chicken Teriyaki",1,13.75,13.75,1.4,1,FC9F647C,24433D5E-E,"Front Counter iPad",Sale,Dine-in,
2026-01-16,15:34:15,America/Los_Angeles,Bowls,"Chicken Bowl",1,11.5,11.5,1.17,1,183F3832,03951D49-5,"Front Counter iPad",Sale,Takeout,
2026-01-16,19:04:30,America/Los_Angeles,Teriyaki,"Beef Teriyaki",2,31.5,31.5,3.21,2,16D8EBD4,D6938795-1,"Front Counter iPad",Sale,Takeout,
2026-01-16,10:56:30,America/Los_Angeles,Teriyaki,"Chicken Teriyaki",1,13.75,13.75,1.4,1,58F668AD,C7F3522B-8,"Front Counter iPad",Sale,Takeout,
2026-01-16,12:30:00,America/Los_Angeles,Sides,Gyoza,1,4.5,4.5,0.46,1,7AA68B6B,9C1EE1F6-5,"Front Counter iPad",Sale,Dine-in,
2026-01-16,12:58:30,America/Los_Angeles,Bowls,"Chicken Bowl",2,23,23,2.35,2,BF732BA3,ABC9C635-4,"Front Counter iPad",Sale,Takeout,
2026-01-16,15:58:00,America/Los_Angeles,Teriyaki,"Beef Teriyaki",1,15.75,15.75,1.61,1,1BF1358A,6C54F060-6,"Front Counter iPad",Sale,Dine-in,
2026-01-16,18:46:30,America/Los_Angeles,Teriyaki,"Pork Teriyaki",1,14.75,14.75,1.5,1,A889C1E5,EB98B87B-B,"Front Counter iPad",Sale,Takeout,
2026-01-16,13:57:30,America/Los_Angeles,Teriyaki,"Beef Teriyaki",1,15.75,15.75,1.61,1,D8B273D9,D615C9A5-F,"Front Counter iPad",Sale,Takeout,
2026-01-16,15:51:00,America/Los_Angeles,Teriyaki,"Beef Teriyaki",2,31.5,31.5,3.21,2,8231A4EC,DEE00E6D-3,"Front Counter iPad",Sale,Dine-in,
2026-01-16,12:43:00,America/Los_Angeles,Sides,"Egg Roll",1,6,6,0.61,1,1172FE03,7F8D0437-A,"Front Counter iPad",Sale,Takeout,
2026-01-16,18:29:15,America/Los_Angeles,Teriyaki,"Pork Teriyaki",2,29.5,29.5,3.01,2,D4442875,9D91FBE8-E,"Front Counter iPad",Sale,Takeout,
2026-01-16,12:39:00,America/Los_Angeles,Teriyaki,"Chicken Teriyaki",1,13.75,13.75,1.4,1,9B91DA61,7F1F1F6E-2,"Front Counter iPad",Sale,Takeout,
2026-01-16,16:12:45,America/Los_Angeles,Drinks,"Canned Soda",1,2.6,2.6,0.27,1,FE4ABF6F,E3AA4D34-5,"Front Counter iPad",Sale,Dine-in,
2026-01-16,12:17:45,America/Los_Angeles,Sides,"Egg Roll",1,6,6,0.61,1,B74EAF6C,3C5448B1-6,"Front Counter iPad",Sale,Dine-in,
2026-01-16,18:30:00,America/Los_Angeles,Teriyaki,"Salmon Teriyaki",1,16.5,16.5,1.68,1,BE2A26B7,99EB3B3C-7,"Front Counter iPad",Sale,Dine-in,
2026-01-16,13:13:00,America/Los_Angeles,Teriyaki,"Beef Teriyaki",2,31.5,31.5,3.21,2,7A413994,C4F10EB8-A,"Front Counter iPad",Sale,Takeout,
2026-01-16,16:10:00,America/Los_Angeles,Teriyaki,"Salmon Teriyaki",1,16.5,16.5,1.68,1,0255D1B4,D2EF1B8C-0,"Front Counter iPad",Sale,Dine-in,
2026-01-16,14:01:15,America/Los_Angeles,Sides,Salad,1,4,4,0.41,1,002ECC0E,DE104A6A-A,"Front Counter iPad",Sale,Takeout,
2026-01-16,17:21:15,America/Los_Angeles,Teriyaki,"Beef Teriyaki",1,15.75,15.75,1.61,1,1503060B,E35C9F3B-6,"Front Counter iPad",Sale,Takeout,
2026-01-16,16:06:15,America/Los_Angeles,Teriyaki,"Chicken Teriyaki",1,13.75,13.75,1.4,1,C12CE2B1,72FDFE19-1,"Front Counter iPad",Sale,Dine-in,
2026-01-16,15:43:00,America/Los_Angeles,Teriyaki,"Beef Teriyaki",1,15.75,15.75,1.61,1,8D66C992,9D21E91A-2,"Front Counter iPad",Sale,Dine-in,
2026-01-16,18:12:30,America/Los_Angeles,Teriyaki,"Chicken Teriyaki",2,27.5,27.5,2.8,2,EE385A44,C50B33E3-0,"Front Counter iPad",Sale,Takeout,
2026-01-16,13:29:30,America/Los_Angeles,Teriyaki,"Chicken Teriyaki",1,13.75,13.75,1.4,1,17C9F121,B7F58A52-7,"Front Counter iPad",Sale,Dine-in,
2026-01-16,11:41:45,America/Los_Angeles,Teriyaki,"Chicken Teriyaki",1,13.75,13.75,1.4,1,9F6995BE,7CF949E3-A,"Front Counter iPad",Sale,Dine-in,
2026-01-16,19:14:00,America/Los_Angeles,Sides,Gyoza,1,4.5,4.5,0.46,1,1298D926,21A3767A-2,"Front Counter iPad",Sale,Dine-in,
2026-01-16,12:54:30,America/Los_Angeles,Teriyaki,"Pork Teriyaki",2,29.5,29.5,3.01,2,7496AAF6,C7467D3F-D,"Front Counter iPad",Sale,Dine-in,
2026-01-16,13:15:00,America/Los_Angeles,Teriyaki,"Chicken Teriyaki",1,13.75,13.75,1.4,1,A91E5A26,8FC408D4-4,"Front Counter iPad",Sale,Takeout,
2026-01-16,18:36:15,America/Los_Angeles,Bowls,"Chicken Bowl",1,11.5,11.5,1.17,1,82A723BA,E02E8278-C,"Front Counter iPad",Sale,Takeout,
2026-01-17,17:42:45,America/Los_Angeles,Teriyaki,"Chicken Teriyaki",1,13.75,13.75,1.4,1,CD759402,7BF33E5B-D,"Front Counter iPad",Sale,Takeout,
2026-01-17,13:53:30,America/Los_Angeles,Teriyaki,"Beef Teriyaki",1,15.75,15.75,1.61,1,A2157828,7E8F7403-4,"Front Counter iPad",Sale,Dine-in,
2026-01-17,20:21:45,America/Los_Angeles,Teriyaki,"Chicken Teriyaki",1,13.75,13.75,1.4,1,3084FD5C,5CD1B928-2,"Front Counter iPad",Sale,Takeout,
2026-01-17,20:00:30,America/Los_Angeles,Teriyaki,"Beef Teriyaki",1,15.75,15.75,1.61,1,1BB44D8C,53625B55-E,"Front Counter iPad",Sale,Dine-in,
2026-01-17,12:51:15,America/Los_Angeles,Teriyaki,"Pork Teriyaki",1,14.75,14.75,1.5,1,3C18D078,59783054-A,"Front Counter iPad",Sale,Dine-in,
2026-01-17,12:26:00,America/Los_Angeles,Teriyaki,"Chicken Teriyaki",1,13.75,13.75,1.4,1,188BE51B,8F111A45-8,"Front Counter iPad",Sale,Dine-in,
2026-01-17,16:05:15,America/Los_Angeles,Teriyaki,"Chicken Teriyaki",2,27.5,27.5,2.8,2,18351240,1C56BA36-B,"Front Counter iPad",Sale,Dine-in,
2026-01-17,18:29:00,America/Los_Angeles,Teriyaki,"Chicken Teriyaki",1,13.75,13.75,1.4,1,517D6E83,4D408BD3-D,"Front Counter iPad",Sale,Dine-in,
2026-01-17,12:20:30,America/Los_Angeles,Teriyaki,"Chicken Teriyaki",1,13.75,13.75,1.4,1,9A28596C,E34A90E8-5,"Front Counter iPad",Sale,Takeout,
2026-01-17,18:25:15,America/Los_Angeles,Teriyaki,"Chicken Teriyaki",1,13.75,13.75,1.4,1,82777A41,3DCE182C-9,"Front Counter iPad",Sale,Takeout,
2026-01-17,16:46:15,America/Los_Angeles,Teriyaki,"Chicken Teriyaki",1,13.75,13.75,1.4,1,340B4187,22C182EB-D,"Front Counter iPad",Sale,Dine-in,
2026-01-17,11:02:15,America/Los_Angeles,Teriyaki,"Beef Teriyaki",2,31.5,31.5,3.21,2,D663DD0F,387EB905-D,"Front Counter iPad",Sale,Takeout,
2026-01-17,15:14:30,America/Los_Angeles,Teriyaki,"Pork Teriyaki",1,14.75,14.75,1.5,1,32C8976A,EF20B131-3,"Front Counter iPad",Sale,Takeout,
2026-01-17,16:41:45,America/Los_Angeles,Teriyaki,"Chicken Teriyaki",2,27.5,27.5,2.8,2,00F99F15,9F5BC124-8,"Front Counter iPad",Sale,Takeout,
2026-01-17,17:04:15,America/Los_Angeles,Teriyaki,"Chicken Teriyaki",1,13.75,13.75,1.4,1,A894192E,9D7DFA71-B,"Front Counter iPad",Sale,Takeout,
2026-01-17,14:26:45,America/Los_Angeles,Teriyaki,"Chicken Teriyaki",2,27.5,27.5,2.8,2,DA55105B,D869D567-5,"Front Counter iPad",Sale,Takeout,
2026-01-17,19:35:00,America/Los_Angeles,Bowls,"Chicken Bowl",2,23,23,2.35,2,11FC2B01,350BFB61-6,"Front Counter iPad",Sale,Dine-in,
2026-01-17,13:35:30,America/Los_Angeles,Sides,"Egg Roll",2,12,12,1.22,2,8A43A7FE,01FBA37B-5,"Front Counter iPad",Sale,Takeout,
2026-01-17,12:26:30,America/Los_Angeles,Teriyaki,"Beef Teriyaki",2,31.5,31.5,3.21,2,59902274,24CC1C38-A,"Front Counter iPad",Sale,Takeout,
2026-01-17,17:44:45,America/Los_Angeles,Teriyaki,"Chicken Teriyaki",1,13.75,13.75,1.4,1,672D5E51,BED93733-8,"Front Counter iPad",Sale,Dine-in,
2026-01-17,11:28:00,America/Los_Angeles,Teriyaki,"Salmon Teriyaki",1,16.5,16.5,1.68,1,E50B54A2,93988183-D,"Front Counter iPad",Sale,Dine-in,
2026-01-17,18:20:30,America/Los_Angeles,Teriyaki,"Chicken Teriyaki",1,13.75,13.75,1.4,1,81EF2E8E,91149FA0-8,"Front Counter iPad",Sale,Dine-in,
2026-01-17,12:48:30,America/Los_Angeles,Drinks,"Bottled Water",1,1.2,1.2,0.12,1,8F8EC608,01630B1E-E,"Front Counter iPad",Sale,Dine-in,
2026-01-17,18:09:00,America/Los_Angeles,Sides,"Egg Roll",2,12,12,1.22,2,7A5C8D41,E35307E5-C,"Front Counter iPad",Sale,Dine-in,
2026-01-17,15:49:30,America/Los_Angeles,Teriyaki,"Beef Teriyaki",1,15.75,15.75,1.61,1,1E2A511E,D9716093-8,"Front Counter iPad",Sale,Takeout,
2026-01-17,19:12:30,America/Los_Angeles,Teriyaki,"Pork Teriyaki",1,14.75,14.75,1.5,1,6B0830EB,9E7B4299-A,"Front Counter iPad",Sale,Takeout,
2026-01-17,17:46:30,America/Los_Angeles,Bowls,"Chicken Bowl",2,23,23,2.35,2,34EC5C71,D4BAE2C8-C,"Front Counter iPad",Sale,Dine-in,
2026-01-17,13:54:45,America/Los_Angeles,Teriyaki,"Chicken Teriyaki",1,13.75,13.75,1.4,1,2A34E7FD,4C6A2072-1,"Front Counter iPad",Sale,Takeout,
2026-01-17,11:15:45,America/Los_Angeles,Bowls,"Chicken Bowl",1,11.5,11.5,1.17,1,E7ED0858,1564B2F7-F,"Front Counter iPad",Sale,Dine-in,
2026-01-17,11:55:45,America/Los_Angeles,Teriyaki,"Salmon Teriyaki",1,16.5,16.5,1.68,1,296C9CEF,4259F413-1,"Front Counter iPad",Sale,Dine-in,
2026-01-17,12:07:15,America/Los_Angeles,Teriyaki,"Pork Teriyaki",1,14.75,14.75,1.5,1,774B6408,5FCF4673-8,"Front Counter iPad",Sale,Dine-in,
2026-01-17,18:33:30,America/Los_Angeles,Teriyaki,"Chicken Teriyaki",2,27.5,27.5,2.8,2,218F94F2,05A3925D-A,"Front Counter iPad",Sale,Dine-in,
2026-01-17,13:55:30,America/Los_Angeles,Drinks,"Canned Soda",2,5.2,5.2,0.53,2,E7118AB0,F67DA1E6-8,"Front Counter iPad",Sale,Dine-in,
2026-01-17,13:33:45,America/Los_Angeles,Teriyaki,"Beef Teriyaki",2,31.5,31.5,3.21,2,2A49072A,5F7B0D62-4,"Front Counter iPad",Sale,Dine-in,
2026-01-17,12:47:45,America/Los_Angeles,Teriyaki,"Salmon Teriyaki",1,16.5,16.5,1.68,1,52489FD2,0A38D6D0-2,"Front Counter iPad",Sale,Dine-in,
2026-01-17,18:54:15,America/Los_Angeles,Sides,Salad,2,8,8,0.82,2,75EDE216,FED3EDF5-E,"Front Counter iPad",Sale,Dine-in,
2026-01-17,12:34:00,America/Los_Angeles,Bowls,"Chicken Bowl",1,11.5,11.5,1.17,1,63252EDB,923F9D94-4,"Front Counter iPad",Sale,Dine-in,
2026-01-17,20:22:30,America/Los_Angeles,Teriyaki,"Chicken Teriyaki",1,13.75,13.75,1.4,1,1DB8C94A,EE7280FC-2,"Front Counter iPad",Sale,Dine-in,
2026-01-17,13:16:15,America/Los_Angeles,Bowls,"Chicken Bowl",1,11.5,11.5,1.17,1,951D8005,5DE901D6-F,"Front Counter iPad",Sale,Takeout,
2026-01-17,12:51:15,America/Los_Angeles,Sides,Gyoza,1,4.5,4.5,0.46,1,570BD203,D44A078D-2,"Front Counter iPad",Sale,Takeout,
2026-01-17,18:34:45,America/Los_Angeles,Sides,Gyoza,2,9,9,0.92,2,6A2488D3,FA9DF5C7-9,"Front Counter iPad",Sale,Takeout,
